RNA,AA_Code,AA_Abb,,,,,,,,,
UUU,F,Phe,,,,,,,,,
UUC,F,Phe,,,,,,,,,
UUA,L,Leu,,,,,,,,,
UUG,L,Leu,,,,,,,,,
CUU,L,Leu,,,,,,,,,
CUC,L,Leu,,,,,,,,,
CUA,L,Leu,,,,,,,,,
CUG,L,Leu,,,,,,,,,
AUU,I,Ile,,,,,,,,,
AUC,I,Ile,,,,,,,,,
AUA,I,Ile,,,,,,,,,
AUG,M,Met,,,,,,,,,
GUU,V,Val,,,,,,,,,
GUC,V,Val,,,,,,,,,
GUA,V,Val,,,,,,,,,
GUG,V,Val,,,,,,,,,
UCU,S,Ser,,,,,,,,,
UCC,S,Ser,,,,,,,,,
UCA,S,Ser,,,,,,,,,
UCG,S,Ser,,,,,,,,,
CCU,P,Pro,,,,,,,,,
CCC,P,Pro,,,,,,,,,
CCA,P,Pro,,,,,,,,,
CCG,P,Pro,,,,,,,,,
ACU,T,Thr,,,,,,,,,
ACC,T,Thr,,,,,,,,,
ACA,T,Thr,,,,,,,,,
ACG,T,Thr,,,,,,,,,
GCU,A,Ala,,,,,,,,,
GCC,A,Ala,,,,,,,,,
GCA,A,Ala,,,,,,,,,
GCG,A,Ala,,,,,,,,,
UAU,Y,Tyr,,,,,,,,,
UAC,Y,Tyr,,,,,,,,,
UAA,*,Ter,,,,,,,,,
UAG,*,Ter,,,,,,,,,
CAU,H,His,,,,,,,,,
CAC,H,His,,,,,,,,,
CAA,Q,Gln,,,,,,,,,
CAG,Q,Gln,,,,,,,,,
AAU,N,Asn,,,,,,,,,
AAC,N,Asn,,,,,,,,,
AAA,K,Lys,,,,,,,,,
AAG,K,Lys,,,,,,,,,
GAU,D,Asp,,,,,,,,,
GAC,D,Asp,,,,,,,,,
GAA,E,Glu,,,,,,,,,
GAG,E,Glu,,,,,,,,,
UGU,C,Cys,,,,,,,,,
UGC,C,Cys,,,,,,,,,
UGA,*,Ter,,,,,,,,,
UGG,W,Trp,,,,,,,,,
CGU,R,Arg,,,,,,,,,
CGC,R,Arg,,,,,,,,,
CGA,R,Arg,,,,,,,,,
CGG,R,Arg,,,,,,,,,
AGU,S,Ser,,,,,,,,,
AGC,S,Ser,,,,,,,,,
AGA,R,Arg,,,,,,,,,
AGG,R,Arg,,,,,,,,,
GGU,G,Gly,,,,,,,,,
GGC,G,Gly,,,,,,,,,
GGA,G,Gly,,,,,,,,,
GGG,G,Gly,,,,,,,,,
,,,,,,,,,,,
